Name,Organization,Contact,State
Name 1,Co-Op,Contact 1,Alabama
Name 2,Teacher,Contact 2,District of Columbia
Name 3,Mentor/Counselor,Contact 3,New Mexico
Name 4,Co-Op,Contact 4,Louisiana
Name 5,Teacher,Contact 5,West Virginia
Name 6,Mentor/Counselor,Contact 6,Alaska
Name 7,Co-Op,Contact 7,Arkansas
Name 8,Teacher,Contact 8,Mississippi
Name 9,Mentor/Counselor,Contact 9,Nevada
Name 10,Co-Op,Contact 10,Hawaii
Name 11,Teacher,Contact 11,California
Name 12,Mentor/Counselor,Contact 12,Oklahoma
Name 13,Co-Op,Contact 13,Rhode Island
Name 14,Teacher,Contact 14,South Carolina
Name 15,Mentor/Counselor,Contact 15,Delaware
Name 16,Co-Op,Contact 16,Kentucky
Name 17,Teacher,Contact 17,Florida
Name 18,Mentor/Counselor,Contact 18,Georgia
Name 19,Co-Op,Contact 19,Arizona
Name 20,Teacher,Contact 20,Maryland
Name 21,Mentor/Counselor,Contact 21,Michigan
Name 22,Co-Op,Contact 22,New York
Name 23,Teacher,Contact 23,Oregon
Name 24,Teacher,Contact 24,Tennessee
Name 25,Mentor/Counselor,Contact 25,Texas
Name 26,Co-Op,Contact 26,Missouri
Name 27,Teacher,Contact 27,Iowa
Name 28,Mentor/Counselor,Contact 28,Kansas
Name 29,Co-Op,Contact 29,Maine
Name 30,Teacher,Contact 30,Illinois
Name 31,Teacher,Contact 31,Montana
Name 32,Mentor/Counselor,Contact 32,North Carolina
Name 33,Co-Op,Contact 33,Colorado
Name 34,Teacher,Contact 34,Nebraska
Name 35,Mentor/Counselor,Contact 35,Pennsylvania
Name 36,Co-Op,Contact 36,Utah
Name 37,Teacher,Contact 37,Connecticut
Name 38,Teacher,Contact 38,Idaho
Name 39,Mentor/Counselor,Contact 39,Indiana
Name 40,Co-Op,Contact 40,North Dakota
Name 41,Teacher,Contact 41,Ohio
Name 42,Mentor/Counselor,Contact 42,Washington
Name 43,Co-Op,Contact 43,Wyoming
Name 44,Teacher,Contact 44,New Hampshire
Name 45,Teacher,Contact 45,South Dakota
Name 46,Mentor/Counselor,Contact 46,Vermont
Name 47,Co-Op,Contact 47,Virginia
Name 48,Teacher,Contact 48,Wisconsin
Name 49,Mentor/Counselor,Contact 49,Minnesota
Name 50,Co-Op,Contact 50,New Jersey
Name 51,Teacher,Contact 51,Massachusetts
Name 52,Teacher,Contact 52,Alabama
Name 53,Mentor/Counselor,Contact 53,District of Columbia
Name 54,Co-Op,Contact 54,New Mexico
Name 55,Teacher,Contact 55,Louisiana
Name 56,Mentor/Counselor,Contact 56,West Virginia
Name 57,Co-Op,Contact 57,Alaska
Name 58,Teacher,Contact 58,Arkansas
Name 59,Teacher,Contact 59,Mississippi
Name 60,Mentor/Counselor,Contact 60,Nevada
Name 61,Co-Op,Contact 61,Hawaii
Name 62,Teacher,Contact 62,Alabama
Name 63,Mentor/Counselor,Contact 63,District of Columbia
Name 64,Co-Op,Contact 64,New Mexico
Name 65,Teacher,Contact 65,Louisiana
Name 66,Teacher,Contact 66,West Virginia
Name 67,Mentor/Counselor,Contact 67,Alaska
Name 68,Co-Op,Contact 68,Arkansas
Name 69,Teacher,Contact 69,Mississippi
Name 70,Mentor/Counselor,Contact 70,Nevada
Name 71,Co-Op,Contact 71,Hawaii
Name 72,Teacher,Contact 72,California
Name 73,Teacher,Contact 73,Oklahoma
Name 74,Mentor/Counselor,Contact 74,Rhode Island
Name 75,Co-Op,Contact 75,South Carolina
Name 76,Teacher,Contact 76,Delaware
Name 77,Mentor/Counselor,Contact 77,Kentucky
Name 78,Co-Op,Contact 78,Florida
Name 79,Teacher,Contact 79,Georgia
Name 80,Teacher,Contact 80,Arizona
Name 81,Mentor/Counselor,Contact 81,Maryland
Name 82,Co-Op,Contact 82,Michigan
Name 83,Teacher,Contact 83,New York
Name 84,Mentor/Counselor,Contact 84,Oregon
Name 85,Co-Op,Contact 85,Tennessee
Name 86,Teacher,Contact 86,Texas
Name 87,Teacher,Contact 87,Missouri
Name 88,Mentor/Counselor,Contact 88,Iowa
Name 89,Co-Op,Contact 89,Kansas
Name 90,Teacher,Contact 90,Maine
Name 91,Mentor/Counselor,Contact 91,Illinois
Name 92,Co-Op,Contact 92,Montana
Name 93,Teacher,Contact 93,North Carolina
Name 94,Teacher,Contact 94,Colorado
Name 95,Mentor/Counselor,Contact 95,Nebraska
Name 96,Co-Op,Contact 96,Pennsylvania
Name 97,Teacher,Contact 97,Utah
Name 98,Mentor/Counselor,Contact 98,Connecticut
Name 99,Co-Op,Contact 99,Idaho
Name 100,Teacher,Contact 100,Indiana
Name 101,Teacher,Contact 101,North Dakota
Name 102,Mentor/Counselor,Contact 102,Ohio
Name 103,Co-Op,Contact 103,Washington
Name 104,Teacher,Contact 104,Wyoming
Name 105,Mentor/Counselor,Contact 105,New Hampshire
Name 106,Co-Op,Contact 106,South Dakota
Name 107,Teacher,Contact 107,Vermont
Name 108,Teacher,Contact 108,Virginia
Name 109,Mentor/Counselor,Contact 109,Wisconsin
Name 110,Co-Op,Contact 110,Minnesota
Name 111,Teacher,Contact 111,New Jersey
Name 112,Mentor/Counselor,Contact 112,Massachusetts
Name 113,Co-Op,Contact 113,Alabama
Name 114,Teacher,Contact 114,District of Columbia
Name 115,Teacher,Contact 115,New Mexico
Name 116,Mentor/Counselor,Contact 116,Louisiana
Name 117,Co-Op,Contact 117,West Virginia
Name 118,Teacher,Contact 118,Alaska
Name 119,Mentor/Counselor,Contact 119,Arkansas
Name 120,Co-Op,Contact 120,Mississippi
Name 121,Teacher,Contact 121,Nevada
Name 122,Teacher,Contact 122,Hawaii
Name 123,Mentor/Counselor,Contact 123,Alabama
Name 124,Co-Op,Contact 124,District of Columbia
Name 125,Teacher,Contact 125,New Mexico
Name 126,Mentor/Counselor,Contact 126,Louisiana
Name 127,Co-Op,Contact 127,West Virginia
Name 128,Teacher,Contact 128,Alaska
Name 129,Teacher,Contact 129,Arkansas
Name 130,Mentor/Counselor,Contact 130,Mississippi
Name 131,Co-Op,Contact 131,Nevada
Name 132,Teacher,Contact 132,Hawaii
Name 133,Mentor/Counselor,Contact 133,California
Name 134,Co-Op,Contact 134,Oklahoma
Name 135,Teacher,Contact 135,Rhode Island
Name 136,Teacher,Contact 136,South Carolina
Name 137,Mentor/Counselor,Contact 137,Delaware
Name 138,Co-Op,Contact 138,Kentucky
Name 139,Teacher,Contact 139,Florida
Name 140,Mentor/Counselor,Contact 140,Georgia
Name 141,Co-Op,Contact 141,Arizona
Name 142,Teacher,Contact 142,Maryland
Name 143,Teacher,Contact 143,Michigan
Name 144,Mentor/Counselor,Contact 144,New York